video,input_image,prompt
videos/double_pendulum_000.mp4,images/double_pendulum_000.png,double pendulum
videos/double_pendulum_001.mp4,images/double_pendulum_001.png,double pendulum
videos/double_pendulum_002.mp4,images/double_pendulum_002.png,double pendulum
videos/double_pendulum_003.mp4,images/double_pendulum_003.png,double pendulum
videos/double_pendulum_004.mp4,images/double_pendulum_004.png,double pendulum
videos/double_pendulum_005.mp4,images/double_pendulum_005.png,double pendulum
videos/double_pendulum_006.mp4,images/double_pendulum_006.png,double pendulum
videos/double_pendulum_007.mp4,images/double_pendulum_007.png,double pendulum
videos/double_pendulum_008.mp4,images/double_pendulum_008.png,double pendulum
videos/double_pendulum_009.mp4,images/double_pendulum_009.png,double pendulum
videos/double_pendulum_010.mp4,images/double_pendulum_010.png,double pendulum
videos/double_pendulum_011.mp4,images/double_pendulum_011.png,double pendulum
videos/double_pendulum_012.mp4,images/double_pendulum_012.png,double pendulum
videos/double_pendulum_013.mp4,images/double_pendulum_013.png,double pendulum
videos/double_pendulum_014.mp4,images/double_pendulum_014.png,double pendulum
videos/double_pendulum_015.mp4,images/double_pendulum_015.png,double pendulum
videos/double_pendulum_016.mp4,images/double_pendulum_016.png,double pendulum
videos/double_pendulum_017.mp4,images/double_pendulum_017.png,double pendulum
videos/double_pendulum_018.mp4,images/double_pendulum_018.png,double pendulum
videos/double_pendulum_019.mp4,images/double_pendulum_019.png,double pendulum
videos/double_pendulum_020.mp4,images/double_pendulum_020.png,double pendulum
videos/double_pendulum_021.mp4,images/double_pendulum_021.png,double pendulum
videos/double_pendulum_022.mp4,images/double_pendulum_022.png,double pendulum
videos/double_pendulum_023.mp4,images/double_pendulum_023.png,double pendulum
videos/double_pendulum_024.mp4,images/double_pendulum_024.png,double pendulum
videos/double_pendulum_025.mp4,images/double_pendulum_025.png,double pendulum
videos/double_pendulum_026.mp4,images/double_pendulum_026.png,double pendulum
videos/double_pendulum_027.mp4,images/double_pendulum_027.png,double pendulum
videos/double_pendulum_028.mp4,images/double_pendulum_028.png,double pendulum
videos/double_pendulum_029.mp4,images/double_pendulum_029.png,double pendulum
videos/double_pendulum_030.mp4,images/double_pendulum_030.png,double pendulum
videos/double_pendulum_031.mp4,images/double_pendulum_031.png,double pendulum
videos/double_pendulum_032.mp4,images/double_pendulum_032.png,double pendulum
videos/double_pendulum_033.mp4,images/double_pendulum_033.png,double pendulum
videos/double_pendulum_034.mp4,images/double_pendulum_034.png,double pendulum
videos/double_pendulum_035.mp4,images/double_pendulum_035.png,double pendulum
videos/double_pendulum_036.mp4,images/double_pendulum_036.png,double pendulum
videos/double_pendulum_037.mp4,images/double_pendulum_037.png,double pendulum
videos/double_pendulum_038.mp4,images/double_pendulum_038.png,double pendulum
videos/double_pendulum_039.mp4,images/double_pendulum_039.png,double pendulum
videos/double_pendulum_040.mp4,images/double_pendulum_040.png,double pendulum
videos/double_pendulum_041.mp4,images/double_pendulum_041.png,double pendulum
videos/double_pendulum_042.mp4,images/double_pendulum_042.png,double pendulum
videos/double_pendulum_043.mp4,images/double_pendulum_043.png,double pendulum
videos/double_pendulum_044.mp4,images/double_pendulum_044.png,double pendulum
videos/double_pendulum_045.mp4,images/double_pendulum_045.png,double pendulum
videos/double_pendulum_046.mp4,images/double_pendulum_046.png,double pendulum
videos/double_pendulum_047.mp4,images/double_pendulum_047.png,double pendulum
videos/double_pendulum_048.mp4,images/double_pendulum_048.png,double pendulum
videos/double_pendulum_049.mp4,images/double_pendulum_049.png,double pendulum
videos/double_pendulum_050.mp4,images/double_pendulum_050.png,double pendulum
videos/double_pendulum_051.mp4,images/double_pendulum_051.png,double pendulum
videos/double_pendulum_052.mp4,images/double_pendulum_052.png,double pendulum
videos/double_pendulum_053.mp4,images/double_pendulum_053.png,double pendulum
videos/double_pendulum_054.mp4,images/double_pendulum_054.png,double pendulum
videos/double_pendulum_055.mp4,images/double_pendulum_055.png,double pendulum
videos/double_pendulum_056.mp4,images/double_pendulum_056.png,double pendulum
videos/double_pendulum_057.mp4,images/double_pendulum_057.png,double pendulum
videos/double_pendulum_058.mp4,images/double_pendulum_058.png,double pendulum
videos/double_pendulum_059.mp4,images/double_pendulum_059.png,double pendulum
videos/double_pendulum_060.mp4,images/double_pendulum_060.png,double pendulum
videos/double_pendulum_061.mp4,images/double_pendulum_061.png,double pendulum
videos/double_pendulum_062.mp4,images/double_pendulum_062.png,double pendulum
videos/double_pendulum_063.mp4,images/double_pendulum_063.png,double pendulum
videos/double_pendulum_064.mp4,images/double_pendulum_064.png,double pendulum
videos/double_pendulum_065.mp4,images/double_pendulum_065.png,double pendulum
videos/double_pendulum_066.mp4,images/double_pendulum_066.png,double pendulum
videos/double_pendulum_067.mp4,images/double_pendulum_067.png,double pendulum
videos/double_pendulum_068.mp4,images/double_pendulum_068.png,double pendulum
videos/double_pendulum_069.mp4,images/double_pendulum_069.png,double pendulum
videos/double_pendulum_070.mp4,images/double_pendulum_070.png,double pendulum
videos/double_pendulum_071.mp4,images/double_pendulum_071.png,double pendulum
videos/double_pendulum_072.mp4,images/double_pendulum_072.png,double pendulum
videos/double_pendulum_073.mp4,images/double_pendulum_073.png,double pendulum
videos/double_pendulum_074.mp4,images/double_pendulum_074.png,double pendulum
videos/double_pendulum_075.mp4,images/double_pendulum_075.png,double pendulum
videos/double_pendulum_076.mp4,images/double_pendulum_076.png,double pendulum
videos/double_pendulum_077.mp4,images/double_pendulum_077.png,double pendulum
videos/double_pendulum_078.mp4,images/double_pendulum_078.png,double pendulum
videos/double_pendulum_079.mp4,images/double_pendulum_079.png,double pendulum
videos/double_pendulum_080.mp4,images/double_pendulum_080.png,double pendulum
videos/double_pendulum_081.mp4,images/double_pendulum_081.png,double pendulum
videos/double_pendulum_082.mp4,images/double_pendulum_082.png,double pendulum
videos/double_pendulum_083.mp4,images/double_pendulum_083.png,double pendulum
videos/double_pendulum_084.mp4,images/double_pendulum_084.png,double pendulum
videos/double_pendulum_085.mp4,images/double_pendulum_085.png,double pendulum
videos/double_pendulum_086.mp4,images/double_pendulum_086.png,double pendulum
videos/double_pendulum_087.mp4,images/double_pendulum_087.png,double pendulum
videos/double_pendulum_088.mp4,images/double_pendulum_088.png,double pendulum
videos/double_pendulum_089.mp4,images/double_pendulum_089.png,double pendulum
videos/double_pendulum_090.mp4,images/double_pendulum_090.png,double pendulum
videos/double_pendulum_091.mp4,images/double_pendulum_091.png,double pendulum
videos/double_pendulum_092.mp4,images/double_pendulum_092.png,double pendulum
videos/double_pendulum_093.mp4,images/double_pendulum_093.png,double pendulum
videos/double_pendulum_094.mp4,images/double_pendulum_094.png,double pendulum
videos/double_pendulum_095.mp4,images/double_pendulum_095.png,double pendulum
videos/double_pendulum_096.mp4,images/double_pendulum_096.png,double pendulum
videos/double_pendulum_097.mp4,images/double_pendulum_097.png,double pendulum
videos/double_pendulum_098.mp4,images/double_pendulum_098.png,double pendulum
videos/double_pendulum_099.mp4,images/double_pendulum_099.png,double pendulum
